"","word","score"
"1","breathtaking",5
"2","hurrah",5
"3","outstanding",5
"4","superb",5
"5","thrilled",5
"6","amazing",4
"7","awesome",4
"8","brilliant",4
"9","ecstatic",4
"10","euphoric",4
"11","exuberant",4
"12","fabulous",4
"13","fantastic",4
"14","fun",4
"15","funnier",4
"16","funny",4
"17","godsend",4
"18","heavenly",4
"19","lifesaver",4
"20","lmao",4
"21","lmfao",4
"22","masterpiece",4
"23","masterpieces",4
"24","miracle",4
"25","overjoyed",4
"26","rapturous",4
"27","rejoice",4
"28","rejoiced",4
"29","rejoices",4
"30","rejoicing",4
"31","rofl",4
"32","roflcopter",4
"33","roflmao",4
"34","rotfl",4
"35","rotflmfao",4
"36","rotflol",4
"37","stunning",4
"38","terrific",4
"39","triumph",4
"40","triumphant",4
"41","win",4
"42","winner",4
"43","winning",4
"44","wins",4
"45","wonderful",4
"46","wooo",4
"47","woow",4
"48","wow",4
"49","wowow",4
"50","wowww",4
"51","admire",3
"52","admired",3
"53","admires",3
"54","admiring",3
"55","adorable",3
"56","adore",3
"57","adored",3
"58","adores",3
"59","affection",3
"60","affectionate",3
"61","amuse",3
"62","amused",3
"63","amusement",3
"64","amusements",3
"65","astound",3
"66","astounded",3
"67","astounding",3
"68","astoundingly",3
"69","astounds",3
"70","audacious",3
"71","award",3
"72","awarded",3
"73","awards",3
"74","beatific",3
"75","beauties",3
"76","beautiful",3
"77","beautifully",3
"78","beautify",3
"79","beloved",3
"80","best",3
"81","blessing",3
"82","bliss",3
"83","blissful",3
"84","blockbuster",3
"85","breakthrough",3
"86","captivated",3
"87","celebrate",3
"88","celebrated",3
"89","celebrates",3
"90","celebrating",3
"91","charm",3
"92","charming",3
"93","cheery",3
"94","classy",3
"95","cool stuff",3
"96","dearly",3
"97","delight",3
"98","delighted",3
"99","delighting",3
"100","delights",3
"101","devoted",3
"102","elated",3
"103","elation",3
"104","enrapture",3
"105","enthral",3
"106","enthusiastic",3
"107","euphoria",3
"108","excellence",3
"109","excellent",3
"110","excite",3
"111","excited",3
"112","excitement",3
"113","exciting",3
"114","exhilarated",3
"115","exhilarates",3
"116","exhilarating",3
"117","exultant",3
"118","exultantly",3
"119","faithful",3
"120","fan",3
"121","fascinate",3
"122","fascinated",3
"123","fascinates",3
"124","fascinating",3
"125","ftw",3
"126","gallant",3
"127","gallantly",3
"128","gallantry",3
"129","genial",3
"130","glad",3
"131","glamorous",3
"132","glamourous",3
"133","glee",3
"134","gleeful",3
"135","good",3
"136","goodness",3
"137","gracious",3
"138","grand",3
"139","grateful",3
"140","great",3
"141","greater",3
"142","greatest",3
"143","haha",3
"144","hahaha",3
"145","hahahah",3
"146","happiness",3
"147","happy",3
"148","heartfelt",3
"149","heroic",3
"150","humerous",3
"151","impress",3
"152","impressed",3
"153","impresses",3
"154","impressive",3
"155","inspiring",3
"156","joy",3
"157","joyful",3
"158","joyfully",3
"159","joyous",3
"160","jubilant",3
"161","kudos",3
"162","lawl",3
"163","lol",3
"164","lovable",3
"165","love",3
"166","loved",3
"167","lovelies",3
"168","lovely",3
"169","loyal",3
"170","loyalty",3
"171","luck",3
"172","luckily",3
"173","lucky",3
"174","marvel",3
"175","marvelous",3
"176","marvels",3
"177","medal",3
"178","merry",3
"179","mirth",3
"180","mirthful",3
"181","mirthfully",3
"182","nice",3
"183","ominous",3
"184","once-in-a-lifetime",3
"185","paradise",3
"186","perfect",3
"187","perfectly",3
"188","pleasant",3
"189","pleased",3
"190","pleasure",3
"191","popular",3
"192","praise",3
"193","praised",3
"194","praises",3
"195","praising",3
"196","prosperous",3
"197","right direction",3
"198","rigorous",3
"199","rigorously",3
"200","scoop",3
"201","sexy",3
"202","soothe",3
"203","soothed",3
"204","soothing",3
"205","sparkle",3
"206","sparkles",3
"207","sparkling",3
"208","splendid",3
"209","successful",3
"210","super",3
"211","vibrant",3
"212","vigilant",3
"213","visionary",3
"214","vitality",3
"215","vivacious",3
"216","wealth",3
"217","winwin",3
"218","won",3
"219","woo",3
"220","woohoo",3
"221","worshiped",3
"222","yummy",3
"223","abilities",2
"224","ability",2
"225","absolve",2
"226","absolved",2
"227","absolves",2
"228","absolving",2
"229","accomplish",2
"230","accomplished",2
"231","accomplishes",2
"232","acquit",2
"233","acquits",2
"234","acquitted",2
"235","acquitting",2
"236","advantage",2
"237","advantages",2
"238","adventure",2
"239","adventures",2
"240","adventurous",2
"241","agog",2
"242","agreeable",2
"243","amaze",2
"244","amazed",2
"245","amazes",2
"246","ambitious",2
"247","appease",2
"248","appeased",2
"249","appeases",2
"250","appeasing",2
"251","applaud",2
"252","applauded",2
"253","applauding",2
"254","applauds",2
"255","applause",2
"256","appreciate",2
"257","appreciated",2
"258","appreciates",2
"259","appreciating",2
"260","appreciation",2
"261","approval",2
"262","approved",2
"263","approves",2
"264","asset",2
"265","assets",2
"266","astonished",2
"267","attracting",2
"268","attraction",2
"269","attractions",2
"270","avid",2
"271","backing",2
"272","bargain",2
"273","benefit",2
"274","benefits",2
"275","benefitted",2
"276","benefitting",2
"277","better",2
"278","bless",2
"279","blesses",2
"280","blithe",2
"281","bold",2
"282","boldly",2
"283","brave",2
"284","brightest",2
"285","brisk",2
"286","buoyant",2
"287","calm",2
"288","calmed",2
"289","calming",2
"290","calms",2
"291","care",2
"292","careful",2
"293","carefully",2
"294","cares",2
"295","chance",2
"296","chances",2
"297","cheer",2
"298","cheered",2
"299","cheerful",2
"300","cheering",2
"301","cheers",2
"302","cherish",2
"303","cherished",2
"304","cherishes",2
"305","cherishing",2
"306","chic",2
"307","clarifies",2
"308","clarity",2
"309","clean",2
"310","cleaner",2
"311","clever",2
"312","comfort",2
"313","comfortable",2
"314","comforting",2
"315","comforts",2
"316","commend",2
"317","commended",2
"318","commitment",2
"319","compassionate",2
"320","competent",2
"321","competitive",2
"322","comprehensive",2
"323","conciliate",2
"324","conciliated",2
"325","conciliates",2
"326","conciliating",2
"327","confidence",2
"328","confident",2
"329","congrats",2
"330","congratulate",2
"331","congratulation",2
"332","congratulations",2
"333","consent",2
"334","consents",2
"335","consolable",2
"336","convivial",2
"337","courage",2
"338","courageous",2
"339","courteous",2
"340","courtesy",2
"341","coziness",2
"342","creative",2
"343","cute",2
"344","daredevil",2
"345","daring",2
"346","dauntless",2
"347","dear",2
"348","debonair",2
"349","dedicated",2
"350","defender",2
"351","defenders",2
"352","desirable",2
"353","desired",2
"354","desirous",2
"355","determined",2
"356","eager",2
"357","earnest",2
"358","ease",2
"359","effective",2
"360","effectively",2
"361","elegant",2
"362","elegantly",2
"363","empathetic",2
"364","enchanted",2
"365","encourage",2
"366","encouraged",2
"367","encouragement",2
"368","encourages",2
"369","endorse",2
"370","endorsed",2
"371","endorsement",2
"372","endorses",2
"373","energetic",2
"374","enjoy",2
"375","enjoying",2
"376","enjoys",2
"377","enlighten",2
"378","enlightened",2
"379","enlightening",2
"380","enlightens",2
"381","entertaining",2
"382","entrusted",2
"383","esteemed",2
"384","ethical",2
"385","exasperated",2
"386","exclusive",2
"387","exonerate",2
"388","exonerated",2
"389","exonerates",2
"390","exonerating",2
"391","fair",2
"392","favor",2
"393","favored",2
"394","favorite",2
"395","favorited",2
"396","favorites",2
"397","favors",2
"398","fearless",2
"399","fervent",2
"400","fervid",2
"401","festive",2
"402","fine",2
"403","flagship",2
"404","focused",2
"405","fond",2
"406","fondness",2
"407","fortunate",2
"408","freedom",2
"409","friendly",2
"410","frisky",2
"411","fulfill",2
"412","fulfilled",2
"413","fulfills",2
"414","funky",2
"415","futile",2
"416","gain",2
"417","gained",2
"418","gaining",2
"419","gains",2
"420","generous",2
"421","gift",2
"422","glorious",2
"423","glory",2
"424","gratification",2
"425","greetings",2
"426","growth",2
"427","ha",2
"428","hail",2
"429","hailed",2
"430","hardier",2
"431","hardy",2
"432","healthy",2
"433","heaven",2
"434","help",2
"435","helpful",2
"436","helping",2
"437","helps",2
"438","hero",2
"439","heroes",2
"440","highlight",2
"441","hilarious",2
"442","honest",2
"443","honor",2
"444","honored",2
"445","honoring",2
"446","honour",2
"447","honoured",2
"448","honouring",2
"449","hope",2
"450","hopeful",2
"451","hopefully",2
"452","hopes",2
"453","hoping",2
"454","hug",2
"455","hugs",2
"456","humor",2
"457","humorous",2
"458","humour",2
"459","humourous",2
"460","immortal",2
"461","importance",2
"462","important",2
"463","improve",2
"464","improved",2
"465","improvement",2
"466","improves",2
"467","improving",2
"468","indestructible",2
"469","infatuated",2
"470","infatuation",2
"471","influential",2
"472","innovative",2
"473","inquisitive",2
"474","inspiration",2
"475","inspirational",2
"476","inspire",2
"477","inspired",2
"478","inspires",2
"479","intact",2
"480","integrity",2
"481","intelligent",2
"482","interested",2
"483","interesting",2
"484","intricate",2
"485","invincible",2
"486","invulnerable",2
"487","irresistible",2
"488","irresponsible",2
"489","jaunty",2
"490","jocular",2
"491","joke",2
"492","jokes",2
"493","jolly",2
"494","jovial",2
"495","justice",2
"496","justifiably",2
"497","justified",2
"498","kind",2
"499","kinder",2
"500","kiss",2
"501","landmark",2
"502","like",2
"503","liked",2
"504","likes",2
"505","lively",2
"506","loving",2
"507","mature",2
"508","meaningful",2
"509","mercy",2
"510","methodical",2
"511","motivated",2
"512","motivating",2
"513","nifty",2
"514","noble",2
"515","novel",2
"516","obsessed",2
"517","oks",2
"518","opportunities",2
"519","opportunity",2
"520","optimism",2
"521","optimistic",2
"522","outreach",2
"523","pardon",2
"524","pardoned",2
"525","pardoning",2
"526","pardons",2
"527","passionate",2
"528","peace",2
"529","peaceful",2
"530","peacefully",2
"531","perfected",2
"532","perfects",2
"533","picturesque",2
"534","playful",2
"535","positive",2
"536","positively",2
"537","powerful",2
"538","privileged",2
"539","proactive",2
"540","progress",2
"541","prominent",2
"542","proud",2
"543","proudly",2
"544","rapture",2
"545","raptured",2
"546","raptures",2
"547","ratified",2
"548","reassuring",2
"549","recommend",2
"550","recommended",2
"551","recommends",2
"552","redeemed",2
"553","relaxed",2
"554","reliant",2
"555","relieved",2
"556","relieving",2
"557","relishing",2
"558","remarkable",2
"559","rescue",2
"560","rescued",2
"561","rescues",2
"562","resolute",2
"563","resolve",2
"564","resolved",2
"565","resolves",2
"566","resolving",2
"567","respected",2
"568","responsible",2
"569","responsive",2
"570","restful",2
"571","revered",2
"572","revive",2
"573","revives",2
"574","reward",2
"575","rewarded",2
"576","rewarding",2
"577","rewards",2
"578","rich",2
"579","robust",2
"580","romance",2
"581","satisfied",2
"582","save",2
"583","saved",2
"584","secure",2
"585","secured",2
"586","secures",2
"587","self-confident",2
"588","serene",2
"589","sincere",2
"590","sincerely",2
"591","sincerest",2
"592","sincerity",2
"593","slick",2
"594","slicker",2
"595","slickest",2
"596","smarter",2
"597","smartest",2
"598","smile",2
"599","smiled",2
"600","smiles",2
"601","smiling",2
"602","solid",2
"603","solidarity",2
"604","sophisticated",2
"605","spirited",2
"606","sprightly",2
"607","stable",2
"608","stamina",2
"609","steadfast",2
"610","stimulating",2
"611","stout",2
"612","strength",2
"613","strengthen",2
"614","strengthened",2
"615","strengthening",2
"616","strengthens",2
"617","strong",2
"618","stronger",2
"619","strongest",2
"620","suave",2
"621","success",2
"622","sunshine",2
"623","superior",2
"624","support",2
"625","supported",2
"626","supportive",2
"627","supports",2
"628","survived",2
"629","surviving",2
"630","survivor",2
"631","sweet",2
"632","swift",2
"633","swiftly",2
"634","sympathetic",2
"635","sympathy",2
"636","tender",2
"637","thank",2
"638","thankful",2
"639","thanks",2
"640","thoughtful",2
"641","tolerant",2
"642","top",2
"643","tops",2
"644","tranquil",2
"645","treasure",2
"646","treasures",2
"647","true",2
"648","trusted",2
"649","unbiased",2
"650","unequaled",2
"651","unstoppable",2
"652","untarnished",2
"653","useful",2
"654","usefulness",2
"655","vindicate",2
"656","vindicated",2
"657","vindicates",2
"658","vindicating",2
"659","virtuous",2
"660","warmth",2
"661","wealthy",2
"662","welcome",2
"663","welcomed",2
"664","welcomes",2
"665","willingness",2
"666","worth",2
"667","worthy",2
"668","yeees",2
"669","youthful",2
"670","zealous",2
"671","aboard",1
"672","absorbed",1
"673","accept",1
"674","accepted",1
"675","accepting",1
"676","accepts",1
"677","achievable",1
"678","active",1
"679","adequate",1
"680","adopt",1
"681","adopts",1
"682","advanced",1
"683","agree",1
"684","agreed",1
"685","agreement",1
"686","agrees",1
"687","alive",1
"688","allow",1
"689","anticipation",1
"690","ardent",1
"691","attract",1
"692","attracted",1
"693","attracts",1
"694","authority",1
"695","backed",1
"696","backs",1
"697","big",1
"698","boost",1
"699","boosted",1
"700","boosting",1
"701","boosts",1
"702","bright",1
"703","brightness",1
"704","capable",1
"705","carefree",1
"706","certain",1
"707","clear",1
"708","cleared",1
"709","clearly",1
"710","clears",1
"711","comedy",1
"712","commit",1
"713","commits",1
"714","committed",1
"715","committing",1
"716","compelled",1
"717","convince",1
"718","convinced",1
"719","convinces",1
"720","cool",1
"721","curious",1
"722","decisive",1
"723","desire",1
"724","diamond",1
"725","dream",1
"726","dreams",1
"727","easy",1
"728","embrace",1
"729","engage",1
"730","engages",1
"731","engrossed",1
"732","ensure",1
"733","ensuring",1
"734","enterprising",1
"735","entitled",1
"736","expand",1
"737","expands",1
"738","exploration",1
"739","explorations",1
"740","extend",1
"741","extends",1
"742","faith",1
"743","fame",1
"744","feeling",1
"745","fit",1
"746","fitness",1
"747","forgive",1
"748","forgiving",1
"749","free",1
"750","fresh",1
"751","god",1
"752","grace",1
"753","grant",1
"754","granted",1
"755","granting",1
"756","grants",1
"757","greet",1
"758","greeted",1
"759","greeting",1
"760","greets",1
"761","growing",1
"762","guarantee",1
"763","haunting",1
"764","huge",1
"765","immune",1
"766","increase",1
"767","increased",1
"768","innovate",1
"769","innovates",1
"770","innovation",1
"771","intense",1
"772","interest",1
"773","interests",1
"774","intrigues",1
"775","invite",1
"776","inviting",1
"777","jesus",1
"778","jewel",1
"779","jewels",1
"780","join",1
"781","keen",1
"782","laugh",1
"783","laughed",1
"784","laughing",1
"785","laughs",1
"786","laughting",1
"787","launched",1
"788","legal",1
"789","legally",1
"790","lenient",1
"791","lighthearted",1
"792","matter",1
"793","matters",1
"794","meditative",1
"795","motivate",1
"796","motivation",1
"797","natural",1
"798","please",1
"799","pray",1
"800","praying",1
"801","prays",1
"802","prepared",1
"803","pretty",1
"804","promise",1
"805","promised",1
"806","promises",1
"807","promote",1
"808","promoted",1
"809","promotes",1
"810","promoting",1
"811","prospect",1
"812","prospects",1
"813","protect",1
"814","protected",1
"815","protects",1
"816","reach",1
"817","reached",1
"818","reaches",1
"819","reaching",1
"820","reassure",1
"821","reassured",1
"822","reassures",1
"823","relieve",1
"824","relieves",1
"825","restore",1
"826","restored",1
"827","restores",1
"828","restoring",1
"829","safe",1
"830","safely",1
"831","safety",1
"832","salient",1
"833","share",1
"834","shared",1
"835","shares",1
"836","significance",1
"837","significant",1
"838","smart",1
"839","sobering",1
"840","solution",1
"841","solutions",1
"842","solve",1
"843","solved",1
"844","solves",1
"845","solving",1
"846","spark",1
"847","spirit",1
"848","stimulate",1
"849","stimulated",1
"850","stimulates",1
"851","straight",1
"852","substantial",1
"853","substantially",1
"854","supporter",1
"855","supporters",1
"856","supporting",1
"857","trust",1
"858","unified",1
"859","united",1
"860","unmatched",1
"861","validate",1
"862","validated",1
"863","validates",1
"864","validating",1
"865","vested",1
"866","vision",1
"867","visioning",1
"868","visions",1
"869","vitamin",1
"870","want",1
"871","warm",1
"872","whimsical",1
"873","wish",1
"874","wishes",1
"875","wishing",1
"876","yeah",1
"877","yearning",1
"878","yes",1
"879","some kind",0
"880","absentee",-1
"881","absentees",-1
"882","admit",-1
"883","admits",-1
"884","admitted",-1
"885","affected",-1
"886","afflicted",-1
"887","affronted",-1
"888","alas",-1
"889","alert",-1
"890","ambivalent",-1
"891","anti",-1
"892","apologise",-1
"893","apologised",-1
"894","apologises",-1
"895","apologising",-1
"896","apologize",-1
"897","apologized",-1
"898","apologizes",-1
"899","apologizing",-1
"900","apology",-1
"901","attack",-1
"902","attacked",-1
"903","attacking",-1
"904","attacks",-1
"905","avert",-1
"906","averted",-1
"907","averts",-1
"908","avoid",-1
"909","avoided",-1
"910","avoids",-1
"911","await",-1
"912","awaited",-1
"913","awaits",-1
"914","axe",-1
"915","axed",-1
"916","banish",-1
"917","battle",-1
"918","battles",-1
"919","beating",-1
"920","bias",-1
"921","blind",-1
"922","block",-1
"923","blocked",-1
"924","blocking",-1
"925","blocks",-1
"926","bomb",-1
"927","broke",-1
"928","broken",-1
"929","cancel",-1
"930","cancelled",-1
"931","cancelling",-1
"932","cancels",-1
"933","cancer",-1
"934","cautious",-1
"935","challenge",-1
"936","chilling",-1
"937","clouded",-1
"938","collide",-1
"939","collides",-1
"940","colliding",-1
"941","combat",-1
"942","combats",-1
"943","contagious",-1
"944","contend",-1
"945","contender",-1
"946","contending",-1
"947","corpse",-1
"948","cramp",-1
"949","crush",-1
"950","crushes",-1
"951","crushing",-1
"952","cry",-1
"953","curse",-1
"954","cut",-1
"955","cuts",-1
"956","cutting",-1
"957","darkness",-1
"958","deafening",-1
"959","defer",-1
"960","deferring",-1
"961","defiant",-1
"962","delay",-1
"963","delayed",-1
"964","demand",-1
"965","demanded",-1
"966","demanding",-1
"967","demands",-1
"968","demonstration",-1
"969","detached",-1
"970","difficult",-1
"971","dilemma",-1
"972","disabling",-1
"973","disappear",-1
"974","disappeared",-1
"975","disappears",-1
"976","discard",-1
"977","discarded",-1
"978","discarding",-1
"979","discards",-1
"980","discounted",-1
"981","disguise",-1
"982","disguised",-1
"983","disguises",-1
"984","disguising",-1
"985","dizzy",-1
"986","doubt",-1
"987","doubted",-1
"988","doubtful",-1
"989","doubting",-1
"990","doubts",-1
"991","drag",-1
"992","dragged",-1
"993","drags",-1
"994","drop",-1
"995","dump",-1
"996","dumps",-1
"997","emptiness",-1
"998","empty",-1
"999","envies",-1
"1000","envy",-1
"1001","envying",-1
"1002","escape",-1
"1003","escapes",-1
"1004","escaping",-1
"1005","eviction",-1
"1006","exclude",-1
"1007","exclusion",-1
"1008","excuse",-1
"1009","exempt",-1
"1010","expose",-1
"1011","exposed",-1
"1012","exposes",-1
"1013","exposing",-1
"1014","falling",-1
"1015","farce",-1
"1016","fight",-1
"1017","flees",-1
"1018","forced",-1
"1019","forget",-1
"1020","forgotten",-1
"1021","frantic",-1
"1022","frowning",-1
"1023","funeral",-1
"1024","funerals",-1
"1025","ghost",-1
"1026","gloom",-1
"1027","gray",-1
"1028","grey",-1
"1029","gun",-1
"1030","hacked",-1
"1031","hard",-1
"1032","haunt",-1
"1033","haunts",-1
"1034","hid",-1
"1035","hide",-1
"1036","hides",-1
"1037","hiding",-1
"1038","ignore",-1
"1039","ignores",-1
"1040","immobilized",-1
"1041","impose",-1
"1042","imposed",-1
"1043","imposes",-1
"1044","imposing",-1
"1045","inhibit",-1
"1046","ironic",-1
"1047","irony",-1
"1048","irrational",-1
"1049","irreversible",-1
"1050","isolated",-1
"1051","jumpy",-1
"1052","lag",-1
"1053","lazy",-1
"1054","leak",-1
"1055","leaked",-1
"1056","leave",-1
"1057","limitation",-1
"1058","limited",-1
"1059","limits",-1
"1060","litigation",-1
"1061","longing",-1
"1062","loom",-1
"1063","loomed",-1
"1064","looming",-1
"1065","looms",-1
"1066","lowest",-1
"1067","lurk",-1
"1068","lurking",-1
"1069","lurks",-1
"1070","made-up",-1
"1071","mandatory",-1
"1072","manipulated",-1
"1073","manipulating",-1
"1074","manipulation",-1
"1075","mischief",-1
"1076","mischiefs",-1
"1077","misread",-1
"1078","moody",-1
"1079","mope",-1
"1080","moping",-1
"1081","myth",-1
"1082","nerves",-1
"1083","no",-1
"1084","noisy",-1
"1085","numb",-1
"1086","offline",-1
"1087","overload",-1
"1088","overlooked",-1
"1089","overweight",-1
"1090","oxymoron",-1
"1091","paradox",-1
"1092","parley",-1
"1093","passive",-1
"1094","passively",-1
"1095","pay",-1
"1096","pensive",-1
"1097","pileup",-1
"1098","pitied",-1
"1099","postpone",-1
"1100","postponed",-1
"1101","postpones",-1
"1102","postponing",-1
"1103","poverty",-1
"1104","pressure",-1
"1105","pretend",-1
"1106","pretending",-1
"1107","pretends",-1
"1108","prevent",-1
"1109","prevented",-1
"1110","preventing",-1
"1111","prevents",-1
"1112","prosecute",-1
"1113","prosecutes",-1
"1114","prosecution",-1
"1115","provoke",-1
"1116","provoked",-1
"1117","provokes",-1
"1118","provoking",-1
"1119","pushy",-1
"1120","questioned",-1
"1121","questioning",-1
"1122","rainy",-1
"1123","reject",-1
"1124","rejected",-1
"1125","rejecting",-1
"1126","rejects",-1
"1127","relentless",-1
"1128","repulse",-1
"1129","resign",-1
"1130","resigned",-1
"1131","resigning",-1
"1132","resigns",-1
"1133","retained",-1
"1134","retreat",-1
"1135","rig",-1
"1136","rigged",-1
"1137","sappy",-1
"1138","seduced",-1
"1139","shoot",-1
"1140","shy",-1
"1141","silencing",-1
"1142","silly",-1
"1143","sneaky",-1
"1144","solemn",-1
"1145","sore",-1
"1146","sorry",-1
"1147","squelched",-1
"1148","stifled",-1
"1149","stop",-1
"1150","stopped",-1
"1151","stopping",-1
"1152","stops",-1
"1153","strange",-1
"1154","strangely",-1
"1155","strike",-1
"1156","strikes",-1
"1157","struck",-1
"1158","suspect",-1
"1159","suspected",-1
"1160","suspecting",-1
"1161","suspects",-1
"1162","suspend",-1
"1163","suspended",-1
"1164","tension",-1
"1165","trap",-1
"1166","unbelievable",-1
"1167","unbelieving",-1
"1168","uncertain",-1
"1169","unclear",-1
"1170","unconfirmed",-1
"1171","unconvinced",-1
"1172","uncredited",-1
"1173","undecided",-1
"1174","underestimate",-1
"1175","underestimated",-1
"1176","underestimates",-1
"1177","underestimating",-1
"1178","unequal",-1
"1179","unsettled",-1
"1180","unsure",-1
"1181","urgent",-1
"1182","verdict",-1
"1183","verdicts",-1
"1184","vociferous",-1
"1185","waste",-1
"1186","wavering",-1
"1187","widowed",-1
"1188","worn",-1
"1189","abandon",-2
"1190","abandoned",-2
"1191","abandons",-2
"1192","abducted",-2
"1193","abduction",-2
"1194","abductions",-2
"1195","accident",-2
"1196","accidental",-2
"1197","accidentally",-2
"1198","accidents",-2
"1199","accusation",-2
"1200","accusations",-2
"1201","accuse",-2
"1202","accused",-2
"1203","accuses",-2
"1204","accusing",-2
"1205","ache",-2
"1206","aching",-2
"1207","admonish",-2
"1208","admonished",-2
"1209","afraid",-2
"1210","aggravate",-2
"1211","aggravated",-2
"1212","aggravates",-2
"1213","aggravating",-2
"1214","aggression",-2
"1215","aggressions",-2
"1216","aggressive",-2
"1217","aghast",-2
"1218","alarm",-2
"1219","alarmed",-2
"1220","alarmist",-2
"1221","alarmists",-2
"1222","alienation",-2
"1223","allergic",-2
"1224","alone",-2
"1225","animosity",-2
"1226","annoy",-2
"1227","annoyance",-2
"1228","annoyed",-2
"1229","annoying",-2
"1230","annoys",-2
"1231","antagonistic",-2
"1232","anxiety",-2
"1233","anxious",-2
"1234","apocalyptic",-2
"1235","appalled",-2
"1236","appalling",-2
"1237","apprehensive",-2
"1238","arrest",-2
"1239","arrests",-2
"1240","arrogant",-2
"1241","ashame",-2
"1242","ashamed",-2
"1243","awkward",-2
"1244","bailout",-2
"1245","bamboozle",-2
"1246","bamboozled",-2
"1247","bamboozles",-2
"1248","ban",-2
"1249","banned",-2
"1250","barrier",-2
"1251","beaten",-2
"1252","belittle",-2
"1253","belittled",-2
"1254","bereave",-2
"1255","bereaved",-2
"1256","bereaves",-2
"1257","bereaving",-2
"1258","biased",-2
"1259","bitter",-2
"1260","bitterly",-2
"1261","bizarre",-2
"1262","blah",-2
"1263","blame",-2
"1264","blamed",-2
"1265","blames",-2
"1266","blaming",-2
"1267","blurry",-2
"1268","boastful",-2
"1269","bore",-2
"1270","bored",-2
"1271","bother",-2
"1272","bothered",-2
"1273","bothers",-2
"1274","bothersome",-2
"1275","boycott",-2
"1276","boycotted",-2
"1277","boycotting",-2
"1278","boycotts",-2
"1279","brooding",-2
"1280","bullied",-2
"1281","bully",-2
"1282","bullying",-2
"1283","bummer",-2
"1284","burden",-2
"1285","burdened",-2
"1286","burdening",-2
"1287","burdens",-2
"1288","careless",-2
"1289","cashing in",-2
"1290","casualty",-2
"1291","censor",-2
"1292","censored",-2
"1293","censors",-2
"1294","chagrin",-2
"1295","chagrined",-2
"1296","chaos",-2
"1297","chaotic",-2
"1298","charges",-2
"1299","cheerless",-2
"1300","childish",-2
"1301","choke",-2
"1302","choked",-2
"1303","chokes",-2
"1304","choking",-2
"1305","clash",-2
"1306","clueless",-2
"1307","cocky",-2
"1308","coerced",-2
"1309","collapse",-2
"1310","collapsed",-2
"1311","collapses",-2
"1312","collapsing",-2
"1313","collision",-2
"1314","collisions",-2
"1315","complacent",-2
"1316","complain",-2
"1317","complained",-2
"1318","complains",-2
"1319","condemn",-2
"1320","condemnation",-2
"1321","condemned",-2
"1322","condemns",-2
"1323","conflict",-2
"1324","conflicting",-2
"1325","conflictive",-2
"1326","conflicts",-2
"1327","confuse",-2
"1328","confused",-2
"1329","confusing",-2
"1330","constrained",-2
"1331","contagion",-2
"1332","contagions",-2
"1333","contempt",-2
"1334","contemptuous",-2
"1335","contemptuously",-2
"1336","contentious",-2
"1337","contestable",-2
"1338","controversial",-2
"1339","controversially",-2
"1340","cornered",-2
"1341","costly",-2
"1342","coward",-2
"1343","cowardly",-2
"1344","crash",-2
"1345","crazier",-2
"1346","craziest",-2
"1347","crazy",-2
"1348","crestfallen",-2
"1349","cried",-2
"1350","cries",-2
"1351","critic",-2
"1352","criticism",-2
"1353","criticize",-2
"1354","criticized",-2
"1355","criticizes",-2
"1356","criticizing",-2
"1357","critics",-2
"1358","crushed",-2
"1359","crying",-2
"1360","cynic",-2
"1361","cynical",-2
"1362","cynicism",-2
"1363","danger",-2
"1364","darkest",-2
"1365","deadlock",-2
"1366","death",-2
"1367","debt",-2
"1368","defeated",-2
"1369","defenseless",-2
"1370","deficit",-2
"1371","degrade",-2
"1372","degraded",-2
"1373","degrades",-2
"1374","dehumanize",-2
"1375","dehumanized",-2
"1376","dehumanizes",-2
"1377","dehumanizing",-2
"1378","deject",-2
"1379","dejected",-2
"1380","dejecting",-2
"1381","dejects",-2
"1382","demoralized",-2
"1383","denied",-2
"1384","denier",-2
"1385","deniers",-2
"1386","denies",-2
"1387","denounce",-2
"1388","denounces",-2
"1389","deny",-2
"1390","denying",-2
"1391","depressed",-2
"1392","depressing",-2
"1393","derail",-2
"1394","derailed",-2
"1395","derails",-2
"1396","deride",-2
"1397","derided",-2
"1398","derides",-2
"1399","deriding",-2
"1400","derision",-2
"1401","detain",-2
"1402","detained",-2
"1403","detention",-2
"1404","devastate",-2
"1405","devastated",-2
"1406","devastating",-2
"1407","diffident",-2
"1408","dirt",-2
"1409","dirtier",-2
"1410","dirtiest",-2
"1411","dirty",-2
"1412","disadvantage",-2
"1413","disadvantaged",-2
"1414","disappoint",-2
"1415","disappointed",-2
"1416","disappointing",-2
"1417","disappointment",-2
"1418","disappointments",-2
"1419","disappoints",-2
"1420","disaster",-2
"1421","disasters",-2
"1422","disbelieve",-2
"1423","disconsolate",-2
"1424","disconsolation",-2
"1425","discontented",-2
"1426","discord",-2
"1427","discouraged",-2
"1428","discredited",-2
"1429","disdain",-2
"1430","disgrace",-2
"1431","disgraced",-2
"1432","disheartened",-2
"1433","dishonest",-2
"1434","disillusioned",-2
"1435","disinclined",-2
"1436","disjointed",-2
"1437","dislike",-2
"1438","dismal",-2
"1439","dismayed",-2
"1440","disorder",-2
"1441","disorganized",-2
"1442","disoriented",-2
"1443","disparage",-2
"1444","disparaged",-2
"1445","disparages",-2
"1446","disparaging",-2
"1447","displeased",-2
"1448","dispute",-2
"1449","disputed",-2
"1450","disputes",-2
"1451","disputing",-2
"1452","disqualified",-2
"1453","disquiet",-2
"1454","disregard",-2
"1455","disregarded",-2
"1456","disregarding",-2
"1457","disregards",-2
"1458","disrespect",-2
"1459","disrespected",-2
"1460","disruption",-2
"1461","disruptions",-2
"1462","disruptive",-2
"1463","dissatisfied",-2
"1464","distort",-2
"1465","distorted",-2
"1466","distorting",-2
"1467","distorts",-2
"1468","distract",-2
"1469","distracted",-2
"1470","distraction",-2
"1471","distracts",-2
"1472","distress",-2
"1473","distressed",-2
"1474","distresses",-2
"1475","distressing",-2
"1476","disturb",-2
"1477","disturbed",-2
"1478","disturbing",-2
"1479","disturbs",-2
"1480","dithering",-2
"1481","dodging",-2
"1482","dodgy",-2
"1483","dolorous",-2
"1484","dont like",-2
"1485","doom",-2
"1486","doomed",-2
"1487","downcast",-2
"1488","downhearted",-2
"1489","downside",-2
"1490","drained",-2
"1491","dread",-2
"1492","dreaded",-2
"1493","dreading",-2
"1494","dreary",-2
"1495","droopy",-2
"1496","drown",-2
"1497","drowned",-2
"1498","drowns",-2
"1499","drunk",-2
"1500","dubious",-2
"1501","dud",-2
"1502","dull",-2
"1503","dumped",-2
"1504","dupe",-2
"1505","duped",-2
"1506","dysfunction",-2
"1507","eerie",-2
"1508","eery",-2
"1509","embarrass",-2
"1510","embarrassed",-2
"1511","embarrasses",-2
"1512","embarrassing",-2
"1513","embarrassment",-2
"1514","embittered",-2
"1515","emergency",-2
"1516","enemies",-2
"1517","enemy",-2
"1518","ennui",-2
"1519","enrage",-2
"1520","enraged",-2
"1521","enrages",-2
"1522","enraging",-2
"1523","enslave",-2
"1524","enslaved",-2
"1525","enslaves",-2
"1526","envious",-2
"1527","erroneous",-2
"1528","error",-2
"1529","errors",-2
"1530","exaggerate",-2
"1531","exaggerated",-2
"1532","exaggerates",-2
"1533","exaggerating",-2
"1534","excluded",-2
"1535","exhausted",-2
"1536","expel",-2
"1537","expelled",-2
"1538","expelling",-2
"1539","expels",-2
"1540","exploit",-2
"1541","exploited",-2
"1542","exploiting",-2
"1543","exploits",-2
"1544","fad",-2
"1545","fail",-2
"1546","failed",-2
"1547","failing",-2
"1548","fails",-2
"1549","failure",-2
"1550","failures",-2
"1551","fainthearted",-2
"1552","fallen",-2
"1553","fascist",-2
"1554","fascists",-2
"1555","fatigue",-2
"1556","fatigued",-2
"1557","fatigues",-2
"1558","fatiguing",-2
"1559","fear",-2
"1560","fearful",-2
"1561","fearing",-2
"1562","fearsome",-2
"1563","feeble",-2
"1564","fidgety",-2
"1565","fire",-2
"1566","fired",-2
"1567","firing",-2
"1568","flop",-2
"1569","flops",-2
"1570","flu",-2
"1571","flustered",-2
"1572","fool",-2
"1573","foolish",-2
"1574","fools",-2
"1575","foreclosure",-2
"1576","foreclosures",-2
"1577","forgetful",-2
"1578","fright",-2
"1579","frightened",-2
"1580","frikin",-2
"1581","frustrate",-2
"1582","frustrated",-2
"1583","frustrates",-2
"1584","frustrating",-2
"1585","frustration",-2
"1586","fuming",-2
"1587","gag",-2
"1588","gagged",-2
"1589","giddy",-2
"1590","gloomy",-2
"1591","glum",-2
"1592","grave",-2
"1593","greedy",-2
"1594","grief",-2
"1595","grieved",-2
"1596","gross",-2
"1597","gullibility",-2
"1598","gullible",-2
"1599","hapless",-2
"1600","haplessness",-2
"1601","hardship",-2
"1602","harm",-2
"1603","harmed",-2
"1604","harmful",-2
"1605","harming",-2
"1606","harms",-2
"1607","harried",-2
"1608","harsh",-2
"1609","harsher",-2
"1610","harshest",-2
"1611","haunted",-2
"1612","havoc",-2
"1613","heavyhearted",-2
"1614","helpless",-2
"1615","hesitant",-2
"1616","hesitate",-2
"1617","hindrance",-2
"1618","hoax",-2
"1619","homesick",-2
"1620","hooligan",-2
"1621","hooliganism",-2
"1622","hooligans",-2
"1623","hopeless",-2
"1624","hopelessness",-2
"1625","hostile",-2
"1626","huckster",-2
"1627","hunger",-2
"1628","hurt",-2
"1629","hurting",-2
"1630","hurts",-2
"1631","hypocritical",-2
"1632","ignorance",-2
"1633","ignorant",-2
"1634","ignored",-2
"1635","ill",-2
"1636","illiteracy",-2
"1637","illness",-2
"1638","illnesses",-2
"1639","impatient",-2
"1640","imperfect",-2
"1641","impotent",-2
"1642","imprisoned",-2
"1643","inability",-2
"1644","inaction",-2
"1645","inadequate",-2
"1646","incapable",-2
"1647","incapacitated",-2
"1648","incensed",-2
"1649","incompetence",-2
"1650","incompetent",-2
"1651","inconsiderate",-2
"1652","inconvenience",-2
"1653","inconvenient",-2
"1654","indecisive",-2
"1655","indifference",-2
"1656","indifferent",-2
"1657","indignant",-2
"1658","indignation",-2
"1659","indoctrinate",-2
"1660","indoctrinated",-2
"1661","indoctrinates",-2
"1662","indoctrinating",-2
"1663","ineffective",-2
"1664","ineffectively",-2
"1665","infected",-2
"1666","inferior",-2
"1667","inflamed",-2
"1668","infringement",-2
"1669","infuriate",-2
"1670","infuriated",-2
"1671","infuriates",-2
"1672","infuriating",-2
"1673","injured",-2
"1674","injury",-2
"1675","injustice",-2
"1676","inquisition",-2
"1677","insane",-2
"1678","insanity",-2
"1679","insecure",-2
"1680","insensitive",-2
"1681","insensitivity",-2
"1682","insignificant",-2
"1683","insipid",-2
"1684","insult",-2
"1685","insulted",-2
"1686","insulting",-2
"1687","insults",-2
"1688","interrogated",-2
"1689","interrupt",-2
"1690","interrupted",-2
"1691","interrupting",-2
"1692","interruption",-2
"1693","interrupts",-2
"1694","intimidate",-2
"1695","intimidated",-2
"1696","intimidates",-2
"1697","intimidating",-2
"1698","intimidation",-2
"1699","irresolute",-2
"1700","itchy",-2
"1701","jailed",-2
"1702","jealous",-2
"1703","jeopardy",-2
"1704","joyless",-2
"1705","lack",-2
"1706","lackadaisical",-2
"1707","lagged",-2
"1708","lagging",-2
"1709","lags",-2
"1710","lame",-2
"1711","lawsuit",-2
"1712","lawsuits",-2
"1713","lethargic",-2
"1714","lethargy",-2
"1715","libelous",-2
"1716","lied",-2
"1717","litigious",-2
"1718","livid",-2
"1719","lobby",-2
"1720","lobbying",-2
"1721","lonely",-2
"1722","lonesome",-2
"1723","lugubrious",-2
"1724","meaningless",-2
"1725","melancholy",-2
"1726","menace",-2
"1727","menaced",-2
"1728","mess",-2
"1729","messed",-2
"1730","messing up",-2
"1731","mindless",-2
"1732","misbehave",-2
"1733","misbehaved",-2
"1734","misbehaves",-2
"1735","misbehaving",-2
"1736","misery",-2
"1737","misgiving",-2
"1738","misinformation",-2
"1739","misinformed",-2
"1740","misinterpreted",-2
"1741","misreporting",-2
"1742","misrepresentation",-2
"1743","miss",-2
"1744","missed",-2
"1745","missing",-2
"1746","mistake",-2
"1747","mistaken",-2
"1748","mistakes",-2
"1749","mistaking",-2
"1750","misunderstand",-2
"1751","misunderstanding",-2
"1752","misunderstands",-2
"1753","misunderstood",-2
"1754","moan",-2
"1755","moaned",-2
"1756","moaning",-2
"1757","moans",-2
"1758","mock",-2
"1759","mocked",-2
"1760","mocking",-2
"1761","mocks",-2
"1762","mongering",-2
"1763","monopolize",-2
"1764","monopolized",-2
"1765","monopolizes",-2
"1766","monopolizing",-2
"1767","mourn",-2
"1768","mourned",-2
"1769","mournful",-2
"1770","mourning",-2
"1771","mourns",-2
"1772","mumpish",-2
"1773","murder",-2
"1774","murderer",-2
"1775","murders",-2
"1776","n00b",-2
"1777","naive",-2
"1778","needy",-2
"1779","negative",-2
"1780","negativity",-2
"1781","neglect",-2
"1782","neglected",-2
"1783","neglecting",-2
"1784","neglects",-2
"1785","nervous",-2
"1786","nervously",-2
"1787","nonsense",-2
"1788","noob",-2
"1789","nosey",-2
"1790","not good",-2
"1791","notorious",-2
"1792","obliterate",-2
"1793","obliterated",-2
"1794","obscene",-2
"1795","obsolete",-2
"1796","obstacle",-2
"1797","obstacles",-2
"1798","obstinate",-2
"1799","odd",-2
"1800","offend",-2
"1801","offended",-2
"1802","offender",-2
"1803","offending",-2
"1804","offends",-2
"1805","oppressed",-2
"1806","oppressive",-2
"1807","optionless",-2
"1808","outcry",-2
"1809","outmaneuvered",-2
"1810","overreact",-2
"1811","overreacted",-2
"1812","overreaction",-2
"1813","overreacts",-2
"1814","oversell",-2
"1815","overselling",-2
"1816","oversells",-2
"1817","oversimplification",-2
"1818","oversimplified",-2
"1819","oversimplifies",-2
"1820","oversimplify",-2
"1821","overstatement",-2
"1822","overstatements",-2
"1823","pain",-2
"1824","pained",-2
"1825","pathetic",-2
"1826","penalty",-2
"1827","peril",-2
"1828","perpetrator",-2
"1829","perpetrators",-2
"1830","perplexed",-2
"1831","persecute",-2
"1832","persecuted",-2
"1833","persecutes",-2
"1834","persecuting",-2
"1835","perturbed",-2
"1836","pesky",-2
"1837","pessimism",-2
"1838","pessimistic",-2
"1839","petrified",-2
"1840","phobic",-2
"1841","pique",-2
"1842","piqued",-2
"1843","piteous",-2
"1844","pity",-2
"1845","poised",-2
"1846","poison",-2
"1847","poisoned",-2
"1848","poisons",-2
"1849","pollute",-2
"1850","polluted",-2
"1851","polluter",-2
"1852","polluters",-2
"1853","pollutes",-2
"1854","poor",-2
"1855","poorer",-2
"1856","poorest",-2
"1857","possessive",-2
"1858","powerless",-2
"1859","prblm",-2
"1860","prblms",-2
"1861","pressured",-2
"1862","prison",-2
"1863","prisoner",-2
"1864","prisoners",-2
"1865","problem",-2
"1866","problems",-2
"1867","profiteer",-2
"1868","propaganda",-2
"1869","prosecuted",-2
"1870","protest",-2
"1871","protesters",-2
"1872","protesting",-2
"1873","protests",-2
"1874","punish",-2
"1875","punished",-2
"1876","punishes",-2
"1877","punitive",-2
"1878","puzzled",-2
"1879","quaking",-2
"1880","questionable",-2
"1881","rage",-2
"1882","rageful",-2
"1883","rash",-2
"1884","rebellion",-2
"1885","recession",-2
"1886","reckless",-2
"1887","refuse",-2
"1888","refused",-2
"1889","refusing",-2
"1890","regret",-2
"1891","regretful",-2
"1892","regrets",-2
"1893","regretted",-2
"1894","regretting",-2
"1895","remorse",-2
"1896","repulsed",-2
"1897","resentful",-2
"1898","restless",-2
"1899","restrict",-2
"1900","restricted",-2
"1901","restricting",-2
"1902","restriction",-2
"1903","restricts",-2
"1904","retard",-2
"1905","retarded",-2
"1906","revenge",-2
"1907","revengeful",-2
"1908","riot",-2
"1909","riots",-2
"1910","risk",-2
"1911","risks",-2
"1912","rob",-2
"1913","robber",-2
"1914","robed",-2
"1915","robing",-2
"1916","robs",-2
"1917","ruin",-2
"1918","ruined",-2
"1919","ruining",-2
"1920","ruins",-2
"1921","sabotage",-2
"1922","sad",-2
"1923","sadden",-2
"1924","saddened",-2
"1925","sadly",-2
"1926","sarcastic",-2
"1927","scam",-2
"1928","scams",-2
"1929","scapegoat",-2
"1930","scapegoats",-2
"1931","scare",-2
"1932","scared",-2
"1933","scary",-2
"1934","sceptical",-2
"1935","scold",-2
"1936","scorn",-2
"1937","scornful",-2
"1938","scream",-2
"1939","screamed",-2
"1940","screaming",-2
"1941","screams",-2
"1942","screwed",-2
"1943","sedition",-2
"1944","seditious",-2
"1945","self-deluded",-2
"1946","sentence",-2
"1947","sentenced",-2
"1948","sentences",-2
"1949","sentencing",-2
"1950","severe",-2
"1951","shaky",-2
"1952","shame",-2
"1953","shamed",-2
"1954","shameful",-2
"1955","shattered",-2
"1956","shock",-2
"1957","shocked",-2
"1958","shocking",-2
"1959","shocks",-2
"1960","short-sighted",-2
"1961","short-sightedness",-2
"1962","shortage",-2
"1963","shortages",-2
"1964","sick",-2
"1965","sigh",-2
"1966","singleminded",-2
"1967","skeptic",-2
"1968","skeptical",-2
"1969","skepticism",-2
"1970","skeptics",-2
"1971","slam",-2
"1972","slash",-2
"1973","slashed",-2
"1974","slashes",-2
"1975","slashing",-2
"1976","sleeplessness",-2
"1977","sluggish",-2
"1978","smear",-2
"1979","smog",-2
"1980","snub",-2
"1981","snubbed",-2
"1982","snubbing",-2
"1983","snubs",-2
"1984","somber",-2
"1985","sorrow",-2
"1986","sorrowful",-2
"1987","spam",-2
"1988","spamming",-2
"1989","speculative",-2
"1990","spiritless",-2
"1991","spiteful",-2
"1992","stab",-2
"1993","stabbed",-2
"1994","stabs",-2
"1995","stall",-2
"1996","stalled",-2
"1997","stalling",-2
"1998","stampede",-2
"1999","startled",-2
"2000","starve",-2
"2001","starved",-2
"2002","starves",-2
"2003","starving",-2
"2004","steal",-2
"2005","steals",-2
"2006","stereotype",-2
"2007","stereotyped",-2
"2008","stingy",-2
"2009","stolen",-2
"2010","strangled",-2
"2011","stressed",-2
"2012","stressor",-2
"2013","stressors",-2
"2014","stricken",-2
"2015","strikers",-2
"2016","struggle",-2
"2017","struggled",-2
"2018","struggles",-2
"2019","struggling",-2
"2020","stubborn",-2
"2021","stuck",-2
"2022","stunned",-2
"2023","stupid",-2
"2024","stupidly",-2
"2025","subversive",-2
"2026","suffer",-2
"2027","suffering",-2
"2028","suffers",-2
"2029","suicidal",-2
"2030","suicide",-2
"2031","suing",-2
"2032","sulking",-2
"2033","sulky",-2
"2034","sullen",-2
"2035","suspicious",-2
"2036","swear",-2
"2037","swearing",-2
"2038","swears",-2
"2039","tard",-2
"2040","tears",-2
"2041","tense",-2
"2042","thorny",-2
"2043","thoughtless",-2
"2044","threat",-2
"2045","threaten",-2
"2046","threatened",-2
"2047","threatening",-2
"2048","threatens",-2
"2049","threats",-2
"2050","thwart",-2
"2051","thwarted",-2
"2052","thwarting",-2
"2053","thwarts",-2
"2054","timid",-2
"2055","timorous",-2
"2056","tired",-2
"2057","tits",-2
"2058","toothless",-2
"2059","torn",-2
"2060","totalitarian",-2
"2061","totalitarianism",-2
"2062","tout",-2
"2063","touted",-2
"2064","touting",-2
"2065","touts",-2
"2066","tragedy",-2
"2067","tragic",-2
"2068","trapped",-2
"2069","travesty",-2
"2070","trembling",-2
"2071","tremulous",-2
"2072","tricked",-2
"2073","trickery",-2
"2074","trouble",-2
"2075","troubled",-2
"2076","troubles",-2
"2077","tumor",-2
"2078","unacceptable",-2
"2079","unappreciated",-2
"2080","unapproved",-2
"2081","unaware",-2
"2082","uncomfortable",-2
"2083","unconcerned",-2
"2084","undermine",-2
"2085","undermined",-2
"2086","undermines",-2
"2087","undermining",-2
"2088","undeserving",-2
"2089","undesirable",-2
"2090","uneasy",-2
"2091","unemployment",-2
"2092","unethical",-2
"2093","unfair",-2
"2094","unfocused",-2
"2095","unfulfilled",-2
"2096","unhappy",-2
"2097","unhealthy",-2
"2098","unimpressed",-2
"2099","unintelligent",-2
"2100","unjust",-2
"2101","unlovable",-2
"2102","unloved",-2
"2103","unmotivated",-2
"2104","unprofessional",-2
"2105","unresearched",-2
"2106","unsatisfied",-2
"2107","unsecured",-2
"2108","unsophisticated",-2
"2109","unstable",-2
"2110","unsupported",-2
"2111","unwanted",-2
"2112","unworthy",-2
"2113","upset",-2
"2114","upsets",-2
"2115","upsetting",-2
"2116","uptight",-2
"2117","useless",-2
"2118","uselessness",-2
"2119","vague",-2
"2120","vexation",-2
"2121","vexing",-2
"2122","vicious",-2
"2123","violate",-2
"2124","violated",-2
"2125","violates",-2
"2126","violating",-2
"2127","virulent",-2
"2128","vulnerability",-2
"2129","vulnerable",-2
"2130","walkout",-2
"2131","walkouts",-2
"2132","war",-2
"2133","warfare",-2
"2134","warn",-2
"2135","warned",-2
"2136","warns",-2
"2137","wasted",-2
"2138","wasting",-2
"2139","weak",-2
"2140","weakness",-2
"2141","weary",-2
"2142","weep",-2
"2143","weeping",-2
"2144","weird",-2
"2145","wicked",-2
"2146","woebegone",-2
"2147","worthless",-2
"2148","wreck",-2
"2149","wrong",-2
"2150","wronged",-2
"2151","yucky",-2
"2152","zealot",-2
"2153","zealots",-2
"2154","abhor",-3
"2155","abhorred",-3
"2156","abhorrent",-3
"2157","abhors",-3
"2158","abuse",-3
"2159","abused",-3
"2160","abuses",-3
"2161","abusive",-3
"2162","acrimonious",-3
"2163","agonise",-3
"2164","agonised",-3
"2165","agonises",-3
"2166","agonising",-3
"2167","agonize",-3
"2168","agonized",-3
"2169","agonizes",-3
"2170","agonizing",-3
"2171","anger",-3
"2172","angers",-3
"2173","angry",-3
"2174","anguish",-3
"2175","anguished",-3
"2176","apathetic",-3
"2177","apathy",-3
"2178","apeshit",-3
"2179","arrested",-3
"2180","assassination",-3
"2181","assassinations",-3
"2182","awful",-3
"2183","bad",-3
"2184","badass",-3
"2185","badly",-3
"2186","bankrupt",-3
"2187","bankster",-3
"2188","betray",-3
"2189","betrayal",-3
"2190","betrayed",-3
"2191","betraying",-3
"2192","betrays",-3
"2193","bloody",-3
"2194","boring",-3
"2195","brainwashing",-3
"2196","bribe",-3
"2197","can't stand",-3
"2198","catastrophe",-3
"2199","charged",-3
"2200","charmless",-3
"2201","chastise",-3
"2202","chastised",-3
"2203","chastises",-3
"2204","chastising",-3
"2205","cheat",-3
"2206","cheated",-3
"2207","cheater",-3
"2208","cheaters",-3
"2209","cheats",-3
"2210","colluding",-3
"2211","conspiracy",-3
"2212","cover-up",-3
"2213","crap",-3
"2214","crime",-3
"2215","criminal",-3
"2216","criminals",-3
"2217","crisis",-3
"2218","cruel",-3
"2219","cruelty",-3
"2220","damage",-3
"2221","damages",-3
"2222","dead",-3
"2223","deceit",-3
"2224","deceitful",-3
"2225","deceive",-3
"2226","deceived",-3
"2227","deceives",-3
"2228","deceiving",-3
"2229","deception",-3
"2230","defect",-3
"2231","defects",-3
"2232","despair",-3
"2233","despairing",-3
"2234","despairs",-3
"2235","desperate",-3
"2236","desperately",-3
"2237","despondent",-3
"2238","destroy",-3
"2239","destroyed",-3
"2240","destroying",-3
"2241","destroys",-3
"2242","destruction",-3
"2243","destructive",-3
"2244","die",-3
"2245","died",-3
"2246","dipshit",-3
"2247","dire",-3
"2248","direful",-3
"2249","disastrous",-3
"2250","disgust",-3
"2251","disgusted",-3
"2252","disgusting",-3
"2253","distrust",-3
"2254","distrustful",-3
"2255","does not work",-3
"2256","douche",-3
"2257","douchebag",-3
"2258","dreadful",-3
"2259","dumb",-3
"2260","dumbass",-3
"2261","evil",-3
"2262","fag",-3
"2263","faggot",-3
"2264","faggots",-3
"2265","fake",-3
"2266","fakes",-3
"2267","faking",-3
"2268","falsified",-3
"2269","falsify",-3
"2270","fatalities",-3
"2271","fatality",-3
"2272","fed up",-3
"2273","felonies",-3
"2274","felony",-3
"2275","fiasco",-3
"2276","frenzy",-3
"2277","frightening",-3
"2278","fud",-3
"2279","furious",-3
"2280","goddamn",-3
"2281","greed",-3
"2282","green wash",-3
"2283","green washing",-3
"2284","greenwash",-3
"2285","greenwasher",-3
"2286","greenwashers",-3
"2287","greenwashing",-3
"2288","guilt",-3
"2289","guilty",-3
"2290","hate",-3
"2291","hated",-3
"2292","haters",-3
"2293","hates",-3
"2294","hating",-3
"2295","heartbreaking",-3
"2296","heartbroken",-3
"2297","horrendous",-3
"2298","horrible",-3
"2299","horrific",-3
"2300","horrified",-3
"2301","humiliated",-3
"2302","humiliation",-3
"2303","hysteria",-3
"2304","hysterical",-3
"2305","hysterics",-3
"2306","idiot",-3
"2307","idiotic",-3
"2308","illegal",-3
"2309","imbecile",-3
"2310","irate",-3
"2311","irritate",-3
"2312","irritated",-3
"2313","irritating",-3
"2314","jerk",-3
"2315","kill",-3
"2316","killed",-3
"2317","killing",-3
"2318","kills",-3
"2319","liar",-3
"2320","liars",-3
"2321","loathe",-3
"2322","loathed",-3
"2323","loathes",-3
"2324","loathing",-3
"2325","loose",-3
"2326","looses",-3
"2327","loser",-3
"2328","losing",-3
"2329","loss",-3
"2330","lost",-3
"2331","lunatic",-3
"2332","lunatics",-3
"2333","mad",-3
"2334","maddening",-3
"2335","madly",-3
"2336","madness",-3
"2337","mediocrity",-3
"2338","miserable",-3
"2339","misleading",-3
"2340","moron",-3
"2341","murdering",-3
"2342","murderous",-3
"2343","nasty",-3
"2344","no fun",-3
"2345","not working",-3
"2346","nuts",-3
"2347","obnoxious",-3
"2348","outrage",-3
"2349","outraged",-3
"2350","panic",-3
"2351","panicked",-3
"2352","panics",-3
"2353","perjury",-3
"2354","pissing",-3
"2355","pseudoscience",-3
"2356","racism",-3
"2357","racist",-3
"2358","racists",-3
"2359","rant",-3
"2360","ranter",-3
"2361","ranters",-3
"2362","rants",-3
"2363","ridiculous",-3
"2364","scandal",-3
"2365","scandalous",-3
"2366","scandals",-3
"2367","screwed up",-3
"2368","selfish",-3
"2369","selfishness",-3
"2370","shitty",-3
"2371","sinful",-3
"2372","slavery",-3
"2373","spammer",-3
"2374","spammers",-3
"2375","suck",-3
"2376","sucks",-3
"2377","swindle",-3
"2378","swindles",-3
"2379","swindling",-3
"2380","terrible",-3
"2381","terribly",-3
"2382","terrified",-3
"2383","terror",-3
"2384","terrorize",-3
"2385","terrorized",-3
"2386","terrorizes",-3
"2387","trauma",-3
"2388","traumatic",-3
"2389","treason",-3
"2390","treasonous",-3
"2391","ugly",-3
"2392","victim",-3
"2393","victimize",-3
"2394","victimized",-3
"2395","victimizes",-3
"2396","victimizing",-3
"2397","victims",-3
"2398","vile",-3
"2399","violence",-3
"2400","violent",-3
"2401","vitriolic",-3
"2402","wanker",-3
"2403","warning",-3
"2404","warnings",-3
"2405","whitewash",-3
"2406","withdrawal",-3
"2407","woeful",-3
"2408","worried",-3
"2409","worry",-3
"2410","worrying",-3
"2411","worse",-3
"2412","worsen",-3
"2413","worsened",-3
"2414","worsening",-3
"2415","worsens",-3
"2416","worst",-3
"2417","wrathful",-3
"2418","ass",-4
"2419","assfucking",-4
"2420","asshole",-4
"2421","bullshit",-4
"2422","catastrophic",-4
"2423","damn",-4
"2424","damned",-4
"2425","damnit",-4
"2426","dick",-4
"2427","dickhead",-4
"2428","fraud",-4
"2429","frauds",-4
"2430","fraudster",-4
"2431","fraudsters",-4
"2432","fraudulence",-4
"2433","fraudulent",-4
"2434","fuck",-4
"2435","fucked",-4
"2436","fucker",-4
"2437","fuckers",-4
"2438","fuckface",-4
"2439","fuckhead",-4
"2440","fucking",-4
"2441","fucktard",-4
"2442","fuked",-4
"2443","fuking",-4
"2444","hell",-4
"2445","jackass",-4
"2446","jackasses",-4
"2447","piss",-4
"2448","pissed",-4
"2449","rape",-4
"2450","rapist",-4
"2451","scumbag",-4
"2452","shit",-4
"2453","shithead",-4
"2454","shrew",-4
"2455","torture",-4
"2456","tortured",-4
"2457","tortures",-4
"2458","torturing",-4
"2459","whore",-4
"2460","wtf",-4
"2461","bastard",-5
"2462","bastards",-5
"2463","bitch",-5
"2464","bitches",-5
"2465","cock",-5
"2466","cocksucker",-5
"2467","cocksuckers",-5
"2468","cunt",-5
"2469","motherfucker",-5
"2470","motherfucking",-5
"2471","niggas",-5
"2472","nigger",-5
"2473","prick",-5
"2474","slut",-5
"2475","son-of-a-bitch",-5
"2476","twat",-5
